accuracy,top3_accuracy
0.29320537738905084,0.6326935536119209
